dataset,temperature,temperature_sl,temperature_sh,field,pressure,pressure_sl,pressure_sh,phase,velocity,velocity_sl,velocity_sh
uBooNE 2009,87,0,0,0.518519,0,0,0,liquid,1.60837,0,0
uBooNE 2009,87,0,0,0.774728,0,0,0,liquid,1.88424,0,0
uBooNE 2009,87,0,0,1.01874,0,0,0,liquid,2.10591,0,0
uBooNE 2009,87,0,0,1.28715,0,0,0,liquid,2.28325,0,0
uBooNE 2009,87,0,0,1.50675,0,0,0,liquid,2.44581,0,0
uBooNE 2009,87,0,0,1.79956,0,0,0,liquid,2.58867,0,0
uBooNE 2009,87,0,0,2.03137,0,0,0,liquid,2.7266,0,0
uBooNE 2009,87,0,0,2.25098,0,0,0,liquid,2.84483,0,0
uBooNE 2009,87,0,0,2.53159,0,0,0,liquid,2.9532,0,0
uBooNE 2009,87,0,0,2.7756,0,0,0,liquid,3.05665,0,0
uBooNE 2009,87,0,0,3.04401,0,0,0,liquid,3.15025,0,0
uBooNE 2009,87,0,0,3.30022,0,0,0,liquid,3.24877,0,0
uBooNE 2009,87,0,0,3.53203,0,0,0,liquid,3.30788,0,0
uBooNE 2009,87,0,0,3.78824,0,0,0,liquid,3.43596,0,0
uBooNE 2009,87,0,0,4.08105,0,0,0,liquid,3.51478,0,0
uBooNE 2009,87,0,0,4.73987,0,0,0,liquid,3.71182,0,0
uBooNE 2009,87,0,0,5.5207,0,0,0,liquid,3.93842,0,0
uBooNE 2009,87,0,0,6.36253,0,0,0,liquid,4.11576,0,0
uBooNE 2009,87,0,0,7.13115,0,0,0,liquid,4.2931,0,0
uBooNE 2009,87,0,0,7.92418,0,0,0,liquid,4.43596,0,0
uBooNE 2009,87,0,0,8.69281,0,0,0,liquid,4.59852,0,0
uBooNE 2009,87,0,0,9.48584,0,0,0,liquid,4.71675,0,0
uBooNE 2009,87,0,0,10.2789,0,0,0,liquid,4.83498,0,0
uBooNE 2009,87,0,0,11.0719,0,0,0,liquid,4.91379,0,0
uBooNE 2009,87,0,0,11.8161,0,0,0,liquid,5.00246,0,0
uBooNE 2009,89.8,0,0,0.530719,0,0,0,liquid,1.51478,0,0
uBooNE 2009,89.8,0,0,0.811329,0,0,0,liquid,1.79557,0,0
uBooNE 2009,89.8,0,0,1.03094,0,0,0,liquid,2.00739,0,0
uBooNE 2009,89.8,0,0,1.28715,0,0,0,liquid,2.1601,0,0
uBooNE 2009,89.8,0,0,1.50675,0,0,0,liquid,2.32266,0,0
uBooNE 2009,89.8,0,0,1.79956,0,0,0,liquid,2.46552,0,0
uBooNE 2009,89.8,0,0,2.05577,0,0,0,liquid,2.58867,0,0
uBooNE 2009,89.8,0,0,2.28758,0,0,0,liquid,2.7069,0,0
uBooNE 2009,89.8,0,0,2.54379,0,0,0,liquid,2.81527,0,0
uBooNE 2009,89.8,0,0,2.7878,0,0,0,liquid,2.91872,0,0
uBooNE 2009,89.8,0,0,3.03181,0,0,0,liquid,3.01724,0,0
uBooNE 2009,89.8,0,0,3.30022,0,0,0,liquid,3.10099,0,0
uBooNE 2009,89.8,0,0,3.55643,0,0,0,liquid,3.17488,0,0
uBooNE 2009,89.8,0,0,3.78824,0,0,0,liquid,3.25862,0,0
uBooNE 2009,89.8,0,0,4.02004,0,0,0,liquid,3.33744,0,0
uBooNE 2009,89.8,0,0,4.76427,0,0,0,liquid,3.57389,0,0
uBooNE 2009,89.8,0,0,5.5695,0,0,0,liquid,3.74138,0,0
uBooNE 2009,89.8,0,0,6.35033,0,0,0,liquid,3.90887,0,0
uBooNE 2009,89.8,0,0,7.11895,0,0,0,liquid,4.05172,0,0
uBooNE 2009,89.8,0,0,7.94858,0,0,0,liquid,4.20936,0,0
uBooNE 2009,89.8,0,0,8.70501,0,0,0,liquid,4.34236,0,0
uBooNE 2009,89.8,0,0,9.47364,0,0,0,liquid,4.46059,0,0
uBooNE 2009,89.8,0,0,10.2789,0,0,0,liquid,4.55419,0,0
uBooNE 2009,89.8,0,0,11.0597,0,0,0,liquid,4.65764,0,0
uBooNE 2009,89.8,0,0,11.8527,0,0,0,liquid,4.75616,0,0
uBooNE 2009,89.8,0,0,12.6336,0,0,0,liquid,4.83498,0,0
uBooNE 2009,93.9,0,0,0.542919,0,0,0,liquid,1.39655,0,0
uBooNE 2009,93.9,0,0,0.799129,0,0,0,liquid,1.65271,0,0
uBooNE 2009,93.9,0,0,1.03094,0,0,0,liquid,1.84483,0,0
uBooNE 2009,93.9,0,0,1.29935,0,0,0,liquid,2.00739,0,0
uBooNE 2009,93.9,0,0,1.79956,0,0,0,liquid,2.28325,0,0
uBooNE 2009,93.9,0,0,2.04357,0,0,0,liquid,2.40148,0,0
uBooNE 2009,93.9,0,0,2.31198,0,0,0,liquid,2.5197,0,0
uBooNE 2009,93.9,0,0,2.56819,0,0,0,liquid,2.60837,0,0
uBooNE 2009,93.9,0,0,2.8488,0,0,0,liquid,2.7069,0,0
uBooNE 2009,93.9,0,0,3.01961,0,0,0,liquid,2.79064,0,0
uBooNE 2009,93.9,0,0,3.28802,0,0,0,liquid,2.86946,0,0
uBooNE 2009,93.9,0,0,3.56863,0,0,0,liquid,2.9532,0,0
uBooNE 2009,93.9,0,0,3.77603,0,0,0,liquid,3.02709,0,0
uBooNE 2009,93.9,0,0,4.02004,0,0,0,liquid,3.07143,0,0
uBooNE 2009,93.9,0,0,4.77647,0,0,0,liquid,3.30296,0,0
uBooNE 2009,93.9,0,0,5.5817,0,0,0,liquid,3.46059,0,0
uBooNE 2009,93.9,0,0,6.35033,0,0,0,liquid,3.64778,0,0
uBooNE 2009,93.9,0,0,7.11895,0,0,0,liquid,3.80049,0,0
uBooNE 2009,93.9,0,0,7.93638,0,0,0,liquid,3.92365,0,0
uBooNE 2009,93.9,0,0,8.70501,0,0,0,liquid,4.05665,0,0
uBooNE 2009,93.9,0,0,9.49804,0,0,0,liquid,4.1601,0,0
uBooNE 2009,93.9,0,0,10.2667,0,0,0,liquid,4.25862,0,0
uBooNE 2009,93.9,0,0,11.0841,0,0,0,liquid,4.36207,0,0
uBooNE 2009,93.9,0,0,11.8527,0,0,0,liquid,4.44089,0,0
uBooNE 2009,93.9,0,0,12.658,0,0,0,liquid,4.53941,0,0
Li 2016,87,-1,3,0.0099794,1.2,0.1,0.1,gas,1.26112,0,0
Li 2016,87,-1,3,0.0201273,1.2,0.1,0.1,gas,1.44487,0,0
Li 2016,87,-1,3,0.0397533,1.2,0.1,0.1,gas,1.68665,0,0
Li 2016,87,-1,3,0.0988564,1.2,0.1,0.1,gas,2.13153,0,0
Li 2016,87,-1,3,0.203602,1.2,0.1,0.1,gas,2.54739,0,0
Li 2016,87,-1,3,0.406365,1.2,0.1,0.1,gas,2.92456,0,0
Li 2016,87,-1,3,0.511635,1.2,0.1,0.1,gas,3.04062,0,0
Li 2016,87,-1,3,0.811055,1.2,0.1,0.1,gas,3.34043,0,0
Li 2016,87,-1,3,0.0101615,1.2,0.1,0.1,liquid,0.1493,0,0
Li 2016,87,-1,3,0.0206524,1.2,0.1,0.1,liquid,0.20063,0,0
Li 2016,87,-1,3,0.0529544,1.2,0.1,0.1,liquid,0.344726,0,0
Li 2016,87,-1,3,0.204882,1.2,0.1,0.1,liquid,0.980952,0,0
Li 2016,87,-1,3,0.507196,1.2,0.1,0.1,liquid,1.67098,0,0
Li 2016,87,-1,3,1.41673,1.2,0.1,0.1,liquid,2.46569,0,0
Li 2016,87,-1,3,1.55093,1.2,0.1,0.1,liquid,2.55188,0,0
Walkowiak 2000,86.95,0,0,0.516252,0,0,0,liquid,1.6215,0.081075,0.081075
Walkowiak 2000,86.95,0,0,0.804776,0,0,0,liquid,1.87874,0.093937,0.093937
Walkowiak 2000,86.95,0,0,1.01672,0,0,0,liquid,2.09457,0.1047285,0.1047285
Walkowiak 2000,86.95,0,0,1.26657,0,0,0,liquid,2.30198,0.115099,0.115099
Walkowiak 2000,86.95,0,0,1.53486,0,0,0,liquid,2.46773,0.1233865,0.1233865
Walkowiak 2000,86.95,0,0,1.80249,0,0,0,liquid,2.58355,0.1291775,0.1291775
Walkowiak 2000,86.95,0,0,2.08946,0,0,0,liquid,2.72429,0.1362145,0.1362145
Walkowiak 2000,86.95,0,0,2.29996,0,0,0,liquid,2.83194,0.141597,0.141597
Walkowiak 2000,86.95,0,0,2.54881,0,0,0,liquid,2.96445,0.1482225,0.1482225
Walkowiak 2000,86.95,0,0,2.83522,0,0,0,liquid,3.06358,0.153179,0.153179
Walkowiak 2000,86.95,0,0,3.02638,0,0,0,liquid,3.14631,0.1573155,0.1573155
Walkowiak 2000,86.95,0,0,3.40838,0,0,0,liquid,3.2868,0.16434,0.16434
Walkowiak 2000,86.95,0,0,3.59921,0,0,0,liquid,3.34457,0.1672285,0.1672285
Walkowiak 2000,86.95,0,0,3.80915,0,0,0,liquid,3.41061,0.1705305,0.1705305
Walkowiak 2000,86.95,0,0,4.01921,0,0,0,liquid,3.48497,0.1742485,0.1742485
Walkowiak 2000,86.95,0,0,4.78253,0,0,0,liquid,3.71603,0.1858015,0.1858015
Walkowiak 2000,86.95,0,0,5.54574,0,0,0,liquid,3.93876,0.196938,0.196938
Walkowiak 2000,86.95,0,0,6.3464,0,0,0,liquid,4.1198,0.20599,0.20599
Walkowiak 2000,86.95,0,0,7.18463,0,0,0,liquid,4.26744,0.213372,0.213372
Walkowiak 2000,86.95,0,0,7.94695,0,0,0,liquid,4.42361,0.2211805,0.2211805
Walkowiak 2000,86.95,0,0,8.72861,0,0,0,liquid,4.60469,0.2302345,0.2302345
Walkowiak 2000,86.95,0,0,9.54739,0,0,0,liquid,4.7191,0.235955,0.235955
Walkowiak 2000,86.95,0,0,10.3278,0,0,0,liquid,4.80864,0.240432,0.240432
Walkowiak 2000,86.95,0,0,11.09,0,0,0,liquid,4.95649,0.2478245,0.2478245
Walkowiak 2000,86.95,0,0,11.8887,0,0,0,liquid,4.98773,0.2493865,0.2493865
Walkowiak 2000,86.95,0,0,12.7071,0,0,0,liquid,5.07717,0.2538585,0.2538585
Walkowiak 2000,93.94,0,0,0.494107,0,0,0,liquid,1.39545,0.0697725,0.0697725
Walkowiak 2000,93.94,0,0,0.747873,0,0,0,liquid,1.66936,0.083468,0.083468
Walkowiak 2000,93.94,0,0,1.02032,0,0,0,liquid,1.84353,0.0921765,0.0921765
Walkowiak 2000,93.94,0,0,1.29282,0,0,0,liquid,2.02601,0.1013005,0.1013005
Walkowiak 2000,93.94,0,0,1.52635,0,0,0,liquid,2.17529,0.1087645,0.1087645
Walkowiak 2000,93.94,0,0,1.75965,0,0,0,liquid,2.29134,0.114567,0.114567
Walkowiak 2000,93.94,0,0,1.99294,0,0,0,liquid,2.40739,0.1203695,0.1203695
Walkowiak 2000,93.94,0,0,2.20681,0,0,0,liquid,2.51515,0.1257575,0.1257575
Walkowiak 2000,93.94,0,0,2.5176,0,0,0,liquid,2.63109,0.1315545,0.1315545
Walkowiak 2000,93.94,0,0,2.75066,0,0,0,liquid,2.7139,0.135695,0.135695
Walkowiak 2000,93.94,0,0,3.02247,0,0,0,liquid,2.79665,0.1398325,0.1398325
Walkowiak 2000,93.94,0,0,3.27497,0,0,0,liquid,2.88774,0.144387,0.144387
Walkowiak 2000,93.94,0,0,3.48849,0,0,0,liquid,2.94564,0.147282,0.147282
Walkowiak 2000,93.94,0,0,3.76024,0,0,0,liquid,3.02009,0.1510045,0.1510045
Walkowiak 2000,93.94,0,0,3.99319,0,0,0,liquid,3.08627,0.1543135,0.1543135
Walkowiak 2000,93.94,0,0,4.71141,0,0,0,liquid,3.2848,0.16424,0.16424
Walkowiak 2000,93.94,0,0,5.50712,0,0,0,liquid,3.48323,0.1741615,0.1741615
Walkowiak 2000,93.94,0,0,6.30267,0,0,0,liquid,3.65673,0.1828365,0.1828365
Walkowiak 2000,93.94,0,0,7.09792,0,0,0,liquid,3.78868,0.189434,0.189434
Walkowiak 2000,93.94,0,0,7.91255,0,0,0,liquid,3.9206,0.19603,0.19603
Walkowiak 2000,93.94,0,0,8.70792,0,0,0,liquid,4.06917,0.2034585,0.2034585
Walkowiak 2000,93.94,0,0,9.48362,0,0,0,liquid,4.17621,0.2088105,0.2088105
Walkowiak 2000,93.94,0,0,10.2593,0,0,0,liquid,4.27494,0.213747,0.213747
Walkowiak 2000,93.94,0,0,11.035,0,0,0,liquid,4.3903,0.219515,0.219515
Walkowiak 2000,93.94,0,0,11.9071,0,0,0,liquid,4.42242,0.221121,0.221121
Yoshino 1976,87,0,0,0.152505,1.07,0,0,liquid,0.440887,0,0
Yoshino 1976,87,0,0,0.164706,1.07,0,0,liquid,0.58867,0,0
Yoshino 1976,87,0,0,0.250109,1.07,0,0,liquid,0.741379,0,0
Yoshino 1976,87,0,0,0.27451,1.07,0,0,liquid,0.889163,0,0
Yoshino 1976,87,0,0,0.323312,1.07,0,0,liquid,1.01232,0,0
Yoshino 1976,87,0,0,0.408715,1.07,0,0,liquid,1.16502,0,0
Yoshino 1976,87,0,0,0.55512,1.07,0,0,liquid,1.24877,0,0
Yoshino 1976,87,0,0,0.628322,1.07,0,0,liquid,1.40148,0,0
Yoshino 1976,87,0,0,0.823529,1.07,0,0,liquid,1.55911,0,0
Yoshino 1976,87,0,0,1.05534,1.07,0,0,liquid,1.7069,0,0
Yoshino 1976,87,0,0,1.54336,1.07,0,0,liquid,2.08128,0,0
Yoshino 1976,87,0,0,3.14161,1.07,0,0,liquid,2.71182,0,0
Yoshino 1976,87,0,0,6.11852,1.07,0,0,liquid,3.41133,0,0
Yoshino 1976,87,0,0,8.08279,1.07,0,0,liquid,3.71182,0,0
Yoshino 1976,87,0,0,10.2301,1.07,0,0,liquid,3.96798,0,0
Yoshino 1976,87,0,0,12.9874,1.07,0,0,liquid,4.33251,0,0
Miller 1968,85,0,0,0.115904,0,0,0,liquid,0.381773,0,0
Miller 1968,85,0,0,0.152505,0,0,0,liquid,0.637931,0,0
Miller 1968,85,0,0,0.176906,0,0,0,liquid,0.87931,0,0
Miller 1968,85,0,0,0.225708,0,0,0,liquid,1.10591,0,0
Miller 1968,85,0,0,0.250109,0,0,0,liquid,1.20936,0,0
Miller 1968,85,0,0,0.311111,0,0,0,liquid,1.4064,0,0
Miller 1968,85,0,0,0.335512,0,0,0,liquid,1.51478,0,0
Miller 1968,85,0,0,0.433115,0,0,0,liquid,1.74631,0,0
Miller 1968,85,0,0,0.506318,0,0,0,liquid,1.90394,0,0
Miller 1968,85,0,0,0.640523,0,0,0,liquid,2.09113,0,0
Miller 1968,85,0,0,0.738126,0,0,0,liquid,2.28818,0,0
Miller 1968,85,0,0,1.01874,0,0,0,liquid,2.50493,0,0
Miller 1968,85,0,0,1.25054,0,0,0,liquid,2.70197,0,0
Miller 1968,85,0,0,1.50675,0,0,0,liquid,2.74631,0,0
Miller 1968,85,0,0,1.77516,0,0,0,liquid,3.07143,0,0
Miller 1968,85,0,0,2.47059,0,0,0,liquid,3.41626,0,0
Miller 1968,85,0,0,3.37342,0,0,0,liquid,3.69704,0,0
Miller 1968,85,0,0,4.37386,0,0,0,liquid,3.92857,0,0
Miller 1968,85,0,0,6.09412,0,0,0,liquid,4.30788,0,0
Miller 1968,85,0,0,9.85185,0,0,0,liquid,5.10099,0,0
Miller 1968,82,0,0,0.125893,0,0,0,solid,1.11337,0,0
Miller 1968,82,0,0,0.148995,0,0,0,solid,1.26795,0,0
Miller 1968,82,0,0,0.171453,0,0,0,solid,1.46039,0,0
Miller 1968,82,0,0,0.234818,0,0,0,solid,1.82056,0,0
Miller 1968,82,0,0,0.332622,0,0,0,solid,2.32146,0,0
Miller 1968,82,0,0,0.450462,0,0,0,solid,2.86146,0,0
Miller 1968,82,0,0,0.573504,0,0,0,solid,3.35214,0,0
Miller 1968,82,0,0,0.97231,0,0,0,solid,4.52298,0,0
Miller 1968,82,0,0,1.31678,0,0,0,solid,5.3286,0,0
Miller 1968,82,0,0,1.63921,0,0,0,solid,6.03418,0,0
Miller 1968,82,0,0,2.15847,0,0,0,solid,6.98944,0,0
Miller 1968,82,0,0,2.81048,0,0,0,solid,8.18796,0,0
Miller 1968,82,0,0,3.65944,0,0,0,solid,9.2199,0,0
Miller 1968,82,0,0,4.81867,0,0,0,solid,10.4407,0,0
Miller 1968,82,0,0,5.99858,0,0,0,solid,11.1105,0,0
ICARUS 2004,89,0,0,0.056,0,0,0,liquid,0.289,0.002,0.002
ICARUS 2004,89,0,0,0.075,0,0,0,liquid,0.381,0.006,0.006
ICARUS 2004,89,0,0,0.1,0,0,0,liquid,0.499,0.01,0.01
ICARUS 2004,89,0,0,0.15,0,0,0,liquid,0.694,0.008,0.008
ICARUS 2004,89,0,0,0.304,0,0,0,liquid,1.169,0.003,0.003
ICARUS 2004,89,0,0,0.405,0,0,0,liquid,1.385,0.005,0.005
ICARUS 2004,89,0,0,0.506,0,0,0,liquid,1.551,0.015,0.015
ICARUS 2004,89,0,0,0.607,0,0,0,liquid,1.682,0.012,0.012
ICARUS 2004,89,0,0,0.708,0,0,0,liquid,1.792,0.025,0.025
ICARUS 2004,89,0,0,0.81,0,0,0,liquid,1.893,0.025,0.025
ICARUS 2004,89,0,0,0.911,0,0,0,liquid,1.964,0.006,0.006
ICARUS 2004,89,0,0,1.012,0,0,0,liquid,2.057,0.011,0.011
ICARUS 2004,89,0,0,0.506,0,0,0,liquid,1.56,0.02,0.02
ICARUS 2004,89,0,0,0.607,0,0,0,liquid,1.68,0.02,0.02
ICARUS 2004,89,0,0,0.708,0,0,0,liquid,1.78,0.03,0.03
ICARUS 2004,89,0,0,1.012,0,0,0,liquid,2.03,0.03,0.03
Gushchin 1982,85,0,0,0.0338961,0,0,0,liquid,0.195716,0,0
Gushchin 1982,85,0,0,0.0359179,0,0,0,liquid,0.209477,0,0
Gushchin 1982,85,0,0,0.0384284,0,0,0,liquid,0.219889,0,0
Gushchin 1982,85,0,0,0.0405253,0,0,0,liquid,0.238806,0,0
Gushchin 1982,85,0,0,0.0452821,0,0,0,liquid,0.256826,0,0
Gushchin 1982,85,0,0,0.0484481,0,0,0,liquid,0.274881,0,0
Gushchin 1982,85,0,0,0.0513392,0,0,0,liquid,0.301442,0,0
Gushchin 1982,85,0,0,0.0557285,0,0,0,liquid,0.319509,0,0
Gushchin 1982,85,0,0,0.0596261,0,0,0,liquid,0.34868,0,0
Gushchin 1982,85,0,0,0.0637917,0,0,0,liquid,0.355497,0,0
Gushchin 1982,85,0,0,0.0689167,0,0,0,liquid,0.399424,0,0
Gushchin 1982,85,0,0,0.0755339,0,0,0,liquid,0.423359,0,0
Gushchin 1982,85,0,0,0.0792735,0,0,0,liquid,0.466532,0,0
Gushchin 1982,85,0,0,0.0873036,0,0,0,liquid,0.487332,0,0
Gushchin 1982,85,0,0,0.0907433,0,0,0,liquid,0.519079,0,0
Gushchin 1982,85,0,0,0.0994597,0,0,0,liquid,0.569216,0,0
Gushchin 1982,85,0,0,0.107965,0,0,0,liquid,0.61517,0,0
Gushchin 1982,85,0,0,0.114958,0,0,0,liquid,0.65842,0,0
Gushchin 1982,85,0,0,0.123586,0,0,0,liquid,0.681142,0,0
Gushchin 1982,85,0,0,0.131593,0,0,0,liquid,0.739732,0,0
Gushchin 1982,85,0,0,0.141474,0,0,0,liquid,0.795587,0,0
Gushchin 1982,85,0,0,0.150638,0,0,0,liquid,0.851521,0,0
Gushchin 1982,85,0,0,0.161164,0,0,0,liquid,0.880912,0,0
Gushchin 1982,85,0,0,0.174952,0,0,0,liquid,0.980188,0,0
Gushchin 1982,85,0,0,0.187187,0,0,0,liquid,1.0645,0,0
Gushchin 1982,85,0,0,0.206153,0,0,0,liquid,1.13929,0,0
Gushchin 1982,85,0,0,0.223782,0,0,0,liquid,1.22531,0,0
Gushchin 1982,85,0,0,0.246456,0,0,0,liquid,1.30505,0,0
Gushchin 1982,85,0,0,0.264948,0,0,0,liquid,1.33055,0,0
Gushchin 1982,85,0,0,0.288998,0,0,0,liquid,1.44497,0,0
Gushchin 1982,85,0,0,0.319814,0,0,0,liquid,1.52412,0,0
Gushchin 1982,85,0,0,0.345475,0,0,0,liquid,1.56147,0,0
Gushchin 1982,85,0,0,0.380475,0,0,0,liquid,1.64701,0,0
Gushchin 1982,85,0,0,0.421045,0,0,0,liquid,1.73723,0,0
Gushchin 1982,85,0,0,0.452647,0,0,0,liquid,1.80593,0,0
Gushchin 1982,85,0,0,0.49369,0,0,0,liquid,1.79701,0,0
Gushchin 1982,85,0,0,0.554299,0,0,0,liquid,1.91393,0,0
Gushchin 1982,85,0,0,0.619334,0,0,0,liquid,1.9703,0,0
Gushchin 1982,85,0,0,0.682077,0,0,0,liquid,2.07824,0,0
Gushchin 1982,85,0,0,0.751136,0,0,0,liquid,2.07803,0,0
Gushchin 1982,85,0,0,0.843364,0,0,0,liquid,2.24571,0,0
Gushchin 1982,85,0,0,0.937763,0,0,0,liquid,2.26739,0,0
Gushchin 1982,85,0,0,1.01795,0,0,0,liquid,2.43856,0,0
Gushchin 1982,85,0,0,1.121,0,0,0,liquid,2.39139,0,0
Gushchin 1982,85,0,0,1.2346,0,0,0,liquid,2.597,0,0
Gushchin 1982,85,0,0,1.35305,0,0,0,liquid,2.58417,0,0
Gushchin 1982,85,0,0,1.51916,0,0,0,liquid,2.75229,0,0
Gushchin 1982,85,0,0,1.65693,0,0,0,liquid,2.76544,0,0
Gushchin 1982,85,0,0,1.77273,0,0,0,liquid,2.88882,0,0
Gushchin 1982,85,0,0,1.99992,0,0,0,liquid,2.98837,0,0
Gushchin 1982,85,0,0,2.19187,0,0,0,liquid,3.06154,0,0
Gushchin 1982,85,0,0,2.41392,0,0,0,liquid,3.22926,0,0
Gushchin 1982,85,0,0,2.67129,0,0,0,liquid,3.35687,0,0
Gushchin 1982,85,0,0,2.98466,0,0,0,liquid,3.40575,0,0
Gushchin 1982,85,0,0,3.25545,0,0,0,liquid,3.55763,0,0
Gushchin 1982,85,0,0,3.56791,0,0,0,liquid,3.6625,0,0
Gushchin 1982,85,0,0,3.94832,0,0,0,liquid,3.82577,0,0
Gushchin 1982,85,0,0,4.34837,0,0,0,liquid,4.07475,0,0
Gushchin 1982,85,0,0,4.85845,0,0,0,liquid,4.11405,0,0
Gushchin 1982,85,0,0,5.27375,0,0,0,liquid,4.29754,0,0
Gushchin 1982,85,0,0,5.83587,0,0,0,liquid,4.36017,0,0
Gushchin 1982,85,0,0,6.21367,0,0,0,liquid,4.53265,0,0
Gushchin 1982,85,0,0,6.77721,0,0,0,liquid,4.59877,0,0
Gushchin 1982,85,0,0,7.53624,0,0,0,liquid,4.92186,0,0
Gushchin 1982,85,0,0,8.37986,0,0,0,liquid,5.01787,0,0
Gushchin 1982,85,0,0,9.05205,0,0,0,liquid,5.0419,0,0
Gushchin 1982,85,0,0,9.73175,0,0,0,liquid,5.39632,0,0
Gushchin 1982,100,0,0,0.0409079,0,0,0,liquid,0.188219,0,0
Gushchin 1982,100,0,0,0.043139,0,0,0,liquid,0.199506,0,0
Gushchin 1982,100,0,0,0.0452723,0,0,0,liquid,0.208411,0,0
Gushchin 1982,100,0,0,0.0489065,0,0,0,liquid,0.220903,0,0
Gushchin 1982,100,0,0,0.0513262,0,0,0,liquid,0.236438,0,0
Gushchin 1982,100,0,0,0.055715,0,0,0,liquid,0.253055,0,0
Gushchin 1982,100,0,0,0.0579098,0,0,0,liquid,0.268234,0,0
Gushchin 1982,100,0,0,0.0619572,0,0,0,liquid,0.280202,0,0
Gushchin 1982,100,0,0,0.0656541,0,0,0,liquid,0.305788,0,0
Gushchin 1982,100,0,0,0.0702434,0,0,0,liquid,0.322549,0,0
Gushchin 1982,100,0,0,0.0737196,0,0,0,liquid,0.348602,0,0
Gushchin 1982,100,0,0,0.0807962,0,0,0,liquid,0.362382,0,0
Gushchin 1982,100,0,0,0.0843854,0,0,0,liquid,0.385987,0,0
Gushchin 1982,100,0,0,0.0894175,0,0,0,liquid,0.407149,0,0
Gushchin 1982,100,0,0,0.0952091,0,0,0,liquid,0.435774,0,0
Gushchin 1982,100,0,0,0.102853,0,0,0,liquid,0.468675,0,0
Gushchin 1982,100,0,0,0.110574,0,0,0,liquid,0.491967,0,0
Gushchin 1982,100,0,0,0.116046,0,0,0,liquid,0.529127,0,0
Gushchin 1982,100,0,0,0.122964,0,0,0,liquid,0.550062,0,0
Gushchin 1982,100,0,0,0.130297,0,0,0,liquid,0.580219,0,0
Gushchin 1982,100,0,0,0.137404,0,0,0,liquid,0.618008,0,0
Gushchin 1982,100,0,0,0.144198,0,0,0,liquid,0.645595,0,0
Gushchin 1982,100,0,0,0.152062,0,0,0,liquid,0.680993,0,0
Gushchin 1982,100,0,0,0.162691,0,0,0,liquid,0.718322,0,0
Gushchin 1982,100,0,0,0.172395,0,0,0,liquid,0.765102,0,0
Gushchin 1982,100,0,0,0.182678,0,0,0,liquid,0.818896,0,0
Gushchin 1982,100,0,0,0.19264,0,0,0,liquid,0.863797,0,0
Gushchin 1982,100,0,0,0.206106,0,0,0,liquid,0.911146,0,0
Gushchin 1982,100,0,0,0.214219,0,0,0,liquid,0.942624,0,0
Gushchin 1982,100,0,0,0.229194,0,0,0,liquid,0.994294,0,0
Gushchin 1982,100,0,0,0.242858,0,0,0,liquid,1.03867,0,0
Gushchin 1982,100,0,0,0.262358,0,0,0,liquid,1.11709,0,0
Gushchin 1982,100,0,0,0.283413,0,0,0,liquid,1.16126,0,0
Gushchin 1982,100,0,0,0.304686,0,0,0,liquid,1.21306,0,0
Gushchin 1982,100,0,0,0.324419,0,0,0,liquid,1.29206,0,0
Gushchin 1982,100,0,0,0.350453,0,0,0,liquid,1.33664,0,0
Gushchin 1982,100,0,0,0.380403,0,0,0,liquid,1.37605,0,0
Gushchin 1982,100,0,0,0.41492,0,0,0,liquid,1.45145,0,0
Gushchin 1982,100,0,0,0.454757,0,0,0,liquid,1.53097,0,0
Gushchin 1982,100,0,0,0.498398,0,0,0,liquid,1.5533,0,0
Gushchin 1982,100,0,0,0.554193,0,0,0,liquid,1.59131,0,0
Gushchin 1982,100,0,0,0.604476,0,0,0,liquid,1.67037,0,0
Gushchin 1982,100,0,0,0.662499,0,0,0,liquid,1.72798,0,0
Gushchin 1982,100,0,0,0.736652,0,0,0,liquid,1.74466,0,0
Gushchin 1982,100,0,0,0.803482,0,0,0,liquid,1.81363,0,0
Gushchin 1982,100,0,0,0.863776,0,0,0,liquid,1.85808,0,0
Gushchin 1982,100,0,0,0.93763,0,0,0,liquid,1.97903,0,0
Gushchin 1982,100,0,0,1.03757,0,0,0,liquid,2.00787,0,0
Gushchin 1982,100,0,0,1.12082,0,0,0,liquid,2.05707,0,0
Gushchin 1982,100,0,0,1.21664,0,0,0,liquid,2.16979,0,0
Gushchin 1982,100,0,0,1.32695,0,0,0,liquid,2.15908,0,0
Gushchin 1982,100,0,0,1.4827,0,0,0,liquid,2.31076,0,0
Gushchin 1982,100,0,0,1.62498,0,0,0,liquid,2.33309,0,0
Gushchin 1982,100,0,0,1.74694,0,0,0,liquid,2.41361,0,0
Gushchin 1982,100,0,0,1.90544,0,0,0,liquid,2.53352,0,0
Gushchin 1982,100,0,0,2.08833,0,0,0,liquid,2.6082,0,0
Gushchin 1982,100,0,0,2.25583,0,0,0,liquid,2.59535,0,0
Gushchin 1982,100,0,0,2.41352,0,0,0,liquid,2.75095,0,0
Gushchin 1982,100,0,0,2.63244,0,0,0,liquid,2.81832,0,0
Gushchin 1982,100,0,0,2.92721,0,0,0,liquid,2.95828,0,0
Gushchin 1982,100,0,0,3.20814,0,0,0,liquid,3.01604,0,0
Gushchin 1982,100,0,0,3.48233,0,0,0,liquid,3.12009,0,0
Gushchin 1982,100,0,0,3.77991,0,0,0,liquid,3.18104,0,0
Gushchin 1982,100,0,0,4.14278,0,0,0,liquid,3.32288,0,0
Gushchin 1982,100,0,0,4.56238,0,0,0,liquid,3.43747,0,0
Gushchin 1982,100,0,0,5.00032,0,0,0,liquid,3.55602,0,0
Gushchin 1982,100,0,0,5.48018,0,0,0,liquid,3.60788,0,0
Gushchin 1982,100,0,0,6.00627,0,0,0,liquid,3.76875,0,0
Gushchin 1982,100,0,0,6.61452,0,0,0,liquid,3.84231,0,0
Gushchin 1982,100,0,0,7.28456,0,0,0,liquid,4.01362,0,0
Gushchin 1982,100,0,0,7.83123,0,0,0,liquid,4.13201,0,0
Gushchin 1982,100,0,0,8.45953,0,0,0,liquid,4.21274,0,0
Gushchin 1982,100,0,0,9.18238,0,0,0,liquid,4.27421,0,0
Gushchin 1982,100,0,0,9.59019,0,0,0,liquid,4.50862,0,0
Gushchin 1982,120,0,0,0.0461456,0,0,0,liquid,0.174969,0,0
Gushchin 1982,120,0,0,0.0508228,0,0,0,liquid,0.192802,0,0
Gushchin 1982,120,0,0,0.0551669,0,0,0,liquid,0.200425,0,0
Gushchin 1982,120,0,0,0.057619,0,0,0,liquid,0.21873,0,0
Gushchin 1982,120,0,0,0.0616448,0,0,0,liquid,0.224092,0,0
Gushchin 1982,120,0,0,0.0643846,0,0,0,liquid,0.243372,0,0
Gushchin 1982,120,0,0,0.0682239,0,0,0,liquid,0.256715,0,0
Gushchin 1982,120,0,0,0.0736998,0,0,0,liquid,0.269472,0,0
Gushchin 1982,120,0,0,0.0792351,0,0,0,liquid,0.292649,0,0
Gushchin 1982,120,0,0,0.0860094,0,0,0,liquid,0.310188,0,0
Gushchin 1982,120,0,0,0.0902649,0,0,0,liquid,0.332001,0,0
Gushchin 1982,120,0,0,0.0965725,0,0,0,liquid,0.343461,0,0
Gushchin 1982,120,0,0,0.101352,0,0,0,liquid,0.371203,0,0
Gushchin 1982,120,0,0,0.107397,0,0,0,liquid,0.395377,0,0
Gushchin 1982,120,0,0,0.116576,0,0,0,liquid,0.411009,0,0
Gushchin 1982,120,0,0,0.121172,0,0,0,liquid,0.448548,0,0
Gushchin 1982,120,0,0,0.130896,0,0,0,liquid,0.464025,0,0
Gushchin 1982,120,0,0,0.137375,0,0,0,liquid,0.503948,0,0
Gushchin 1982,120,0,0,0.148398,0,0,0,liquid,0.521337,0,0
Gushchin 1982,120,0,0,0.156494,0,0,0,liquid,0.557995,0,0
Gushchin 1982,120,0,0,0.163443,0,0,0,liquid,0.585744,0,0
Gushchin 1982,120,0,0,0.175723,0,0,0,liquid,0.651762,0,0
Gushchin 1982,120,0,0,0.1973,0,0,0,liquid,0.707785,0,0
Gushchin 1982,120,0,0,0.207058,0,0,0,liquid,0.742979,0,0
Gushchin 1982,120,0,0,0.224755,0,0,0,liquid,0.768612,0,0
Gushchin 1982,120,0,0,0.23587,0,0,0,liquid,0.806831,0,0
Gushchin 1982,120,0,0,0.24873,0,0,0,liquid,0.838757,0,0
Gushchin 1982,120,0,0,0.271298,0,0,0,liquid,0.880428,0,0
Gushchin 1982,120,0,0,0.290256,0,0,0,liquid,0.910817,0,0
Gushchin 1982,120,0,0,0.309049,0,0,0,liquid,0.956092,0,0
Gushchin 1982,120,0,0,0.341995,0,0,0,liquid,0.984265,0,0
Gushchin 1982,120,0,0,0.360653,0,0,0,liquid,1.0586,0,0
Gushchin 1982,120,0,0,0.401025,0,0,0,liquid,1.07925,0,0
Gushchin 1982,120,0,0,0.422888,0,0,0,liquid,1.12196,0,0
Gushchin 1982,120,0,0,0.477098,0,0,0,liquid,1.18916,0,0
Gushchin 1982,120,0,0,0.525408,0,0,0,liquid,1.20064,0,0
Gushchin 1982,120,0,0,0.567571,0,0,0,liquid,1.24207,0,0
Gushchin 1982,120,0,0,0.61609,0,0,0,liquid,1.30379,0,0
Gushchin 1982,120,0,0,0.671966,0,0,0,liquid,1.32281,0,0
Gushchin 1982,120,0,0,0.718915,0,0,0,liquid,1.35523,0,0
Gushchin 1982,120,0,0,0.807163,0,0,0,liquid,1.42252,0,0
Gushchin 1982,120,0,0,0.867741,0,0,0,liquid,1.47161,0,0
Gushchin 1982,120,0,0,0.974257,0,0,0,liquid,1.54468,0,0
Gushchin 1982,120,0,0,1.08855,0,0,0,liquid,1.56717,0,0
Gushchin 1982,120,0,0,1.14788,0,0,0,liquid,1.61343,0,0
Gushchin 1982,120,0,0,1.2826,0,0,0,liquid,1.71008,0,0
Gushchin 1982,120,0,0,1.39217,0,0,0,liquid,1.70165,0,0
Gushchin 1982,120,0,0,1.54809,0,0,0,liquid,1.8212,0,0
Gushchin 1982,120,0,0,1.64823,0,0,0,liquid,1.81225,0,0
Gushchin 1982,120,0,0,1.75493,0,0,0,liquid,1.88394,0,0
Gushchin 1982,120,0,0,1.96088,0,0,0,liquid,1.97749,0,0
Gushchin 1982,120,0,0,2.19092,0,0,0,liquid,2.01606,0,0
Gushchin 1982,120,0,0,2.3328,0,0,0,liquid,2.13693,0,0
Gushchin 1982,120,0,0,2.55664,0,0,0,liquid,2.14713,0,0
Gushchin 1982,120,0,0,2.84294,0,0,0,liquid,2.26473,0,0
Gushchin 1982,120,0,0,3.071,0,0,0,liquid,2.28666,0,0
Gushchin 1982,120,0,0,3.34962,0,0,0,liquid,2.38863,0,0
Gushchin 1982,120,0,0,3.70678,0,0,0,liquid,2.50727,0,0
Gushchin 1982,120,0,0,4.08208,0,0,0,liquid,2.50701,0,0
Gushchin 1982,120,0,0,4.53936,0,0,0,liquid,2.73579,0,0
Gushchin 1982,120,0,0,4.83291,0,0,0,liquid,2.66996,0,0
Gushchin 1982,120,0,0,5.27141,0,0,0,liquid,2.80261,0,0
Gushchin 1982,120,0,0,5.69445,0,0,0,liquid,2.91344,0,0
Gushchin 1982,120,0,0,6.24093,0,0,0,liquid,2.95592,0,0
Gushchin 1982,120,0,0,6.97334,0,0,0,liquid,3.11781,0,0
Gushchin 1982,120,0,0,7.53282,0,0,0,liquid,3.17872,0,0
Gushchin 1982,120,0,0,8.13743,0,0,0,liquid,3.33668,0,0
Gushchin 1982,120,0,0,9.09199,0,0,0,liquid,3.36886,0,0
Gushchin 1982,120,0,0,9.72758,0,0,0,liquid,3.57083,0,0
Gushchin 1982,130,0,0,0.0433427,0,0,0,liquid,0.179283,0,0
Gushchin 1982,130,0,0,0.046822,0,0,0,liquid,0.190029,0,0
Gushchin 1982,130,0,0,0.0496154,0,0,0,liquid,0.205376,0,0
Gushchin 1982,130,0,0,0.0543806,0,0,0,liquid,0.223035,0,0
Gushchin 1982,130,0,0,0.0581818,0,0,0,liquid,0.235261,0,0
Gushchin 1982,130,0,0,0.0610608,0,0,0,liquid,0.253031,0,0
Gushchin 1982,130,0,0,0.0659625,0,0,0,liquid,0.268198,0,0
Gushchin 1982,130,0,0,0.0702355,0,0,0,liquid,0.289856,0,0
Gushchin 1982,130,0,0,0.0755087,0,0,0,liquid,0.307232,0,0
Gushchin 1982,130,0,0,0.0803994,0,0,0,liquid,0.328832,0,0
Gushchin 1982,130,0,0,0.0876964,0,0,0,liquid,0.353655,0,0
Gushchin 1982,130,0,0,0.0929236,0,0,0,liquid,0.364092,0,0
Gushchin 1982,130,0,0,0.0989447,0,0,0,liquid,0.399271,0,0
Gushchin 1982,130,0,0,0.104846,0,0,0,liquid,0.423212,0,0
Gushchin 1982,130,0,0,0.109502,0,0,0,liquid,0.446422,0,0
Gushchin 1982,130,0,0,0.118293,0,0,0,liquid,0.477801,0,0
Gushchin 1982,130,0,0,0.128409,0,0,0,liquid,0.513872,0,0
Gushchin 1982,130,0,0,0.13805,0,0,0,liquid,0.547329,0,0
Gushchin 1982,130,0,0,0.152773,0,0,0,liquid,0.585786,0,0
Gushchin 1982,130,0,0,0.162666,0,0,0,liquid,0.617898,0,0
Gushchin 1982,130,0,0,0.183514,0,0,0,liquid,0.642303,0,0
Gushchin 1982,130,0,0,0.203083,0,0,0,liquid,0.677486,0,0
Gushchin 1982,130,0,0,0.222578,0,0,0,liquid,0.704266,0,0
Gushchin 1982,130,0,0,0.252317,0,0,0,liquid,0.72853,0,0
Gushchin 1982,130,0,0,0.272575,0,0,0,liquid,0.779737,0,0
Gushchin 1982,130,0,0,0.293018,0,0,0,liquid,0.772139,0,0
Gushchin 1982,130,0,0,0.327401,0,0,0,liquid,0.802643,0,0
Gushchin 1982,130,0,0,0.367579,0,0,0,liquid,0.818293,0,0
Gushchin 1982,130,0,0,0.395176,0,0,0,liquid,0.867346,0,0
Gushchin 1982,130,0,0,0.441545,0,0,0,liquid,0.901612,0,0
Gushchin 1982,130,0,0,0.483931,0,0,0,liquid,0.93725,0,0
Gushchin 1982,130,0,0,0.527815,0,0,0,liquid,0.941728,0,0
Gushchin 1982,130,0,0,0.592623,0,0,0,liquid,1.01772,0,0
Gushchin 1982,130,0,0,0.646351,0,0,0,liquid,1.0029,0,0
Gushchin 1982,130,0,0,0.705006,0,0,0,liquid,1.06818,0,0
Gushchin 1982,130,0,0,0.761573,0,0,0,liquid,1.09436,0,0
Gushchin 1982,130,0,0,0.855062,0,0,0,liquid,1.15429,0,0
Gushchin 1982,130,0,0,0.937119,0,0,0,liquid,1.17112,0,0
Gushchin 1982,130,0,0,1.04208,0,0,0,liquid,1.2595,0,0
Gushchin 1982,130,0,0,1.17561,0,0,0,liquid,1.27783,0,0
Gushchin 1982,130,0,0,1.25174,0,0,0,liquid,1.34788,0,0
Gushchin 1982,130,0,0,1.42579,0,0,0,liquid,1.34769,0,0
Gushchin 1982,130,0,0,1.52547,0,0,0,liquid,1.43545,0,0
Gushchin 1982,130,0,0,1.7044,0,0,0,liquid,1.43528,0,0
Gushchin 1982,130,0,0,1.85909,0,0,0,liquid,1.54363,0,0
Gushchin 1982,130,0,0,2.0375,0,0,0,liquid,1.56614,0,0
Gushchin 1982,130,0,0,2.30979,0,0,0,liquid,1.65188,0,0
Gushchin 1982,130,0,0,2.5193,0,0,0,liquid,1.69234,0,0
Gushchin 1982,130,0,0,2.80142,0,0,0,liquid,1.78503,0,0
Gushchin 1982,130,0,0,3.1301,0,0,0,liquid,1.83761,0,0
Gushchin 1982,130,0,0,3.38127,0,0,0,liquid,1.89181,0,0
Gushchin 1982,130,0,0,3.81463,0,0,0,liquid,1.96653,0,0
Gushchin 1982,130,0,0,4.22131,0,0,0,liquid,2.03433,0,0
Gushchin 1982,130,0,0,4.62653,0,0,0,liquid,2.11474,0,0
Gushchin 1982,130,0,0,5.07059,0,0,0,liquid,2.17708,0,0
Gushchin 1982,130,0,0,5.53063,0,0,0,liquid,2.27417,0,0
Gushchin 1982,130,0,0,6.03223,0,0,0,liquid,2.30734,0,0
Gushchin 1982,130,0,0,6.70755,0,0,0,liquid,2.37532,0,0
Gushchin 1982,130,0,0,7.31615,0,0,0,liquid,2.49333,0,0
Gushchin 1982,130,0,0,8.17445,0,0,0,liquid,2.54195,0,0
Gushchin 1982,130,0,0,8.78813,0,0,0,liquid,2.68127,0,0
Gushchin 1982,130,0,0,9.91458,0,0,0,liquid,2.81438,0,0
Gushchin 1982,80,0,0,0.0211403,0,0,0,solid,0.312442,0,0
Gushchin 1982,80,0,0,0.0226275,0,0,0,solid,0.339268,0,0
Gushchin 1982,80,0,0,0.0251744,0,0,0,solid,0.366567,0,0
Gushchin 1982,80,0,0,0.0261753,0,0,0,solid,0.401963,0,0
Gushchin 1982,80,0,0,0.0276075,0,0,0,solid,0.409781,0,0
Gushchin 1982,80,0,0,0.0288417,0,0,0,solid,0.436435,0,0
Gushchin 1982,80,0,0,0.0307212,0,0,0,solid,0.471618,0,0
Gushchin 1982,80,0,0,0.0328813,0,0,0,solid,0.507159,0,0
Gushchin 1982,80,0,0,0.0358764,0,0,0,solid,0.524557,0,0
Gushchin 1982,80,0,0,0.0378475,0,0,0,solid,0.572395,0,0
Gushchin 1982,80,0,0,0.0414985,0,0,0,solid,0.606579,0,0
Gushchin 1982,80,0,0,0.043355,0,0,0,solid,0.652341,0,0
Gushchin 1982,80,0,0,0.04731,0,0,0,solid,0.701458,0,0
Gushchin 1982,80,0,0,0.0511327,0,0,0,solid,0.772843,0,0
Gushchin 1982,80,0,0,0.0552584,0,0,0,solid,0.823024,0,0
Gushchin 1982,80,0,0,0.060011,0,0,0,solid,0.897999,0,0
Gushchin 1982,80,0,0,0.0651715,0,0,0,solid,0.975056,0,0
Gushchin 1982,80,0,0,0.0704277,0,0,0,solid,1.02833,0,0
Gushchin 1982,80,0,0,0.0739385,0,0,0,solid,1.12212,0,0
Gushchin 1982,80,0,0,0.0799067,0,0,0,solid,1.20665,0,0
Gushchin 1982,80,0,0,0.087615,0,0,0,solid,1.27871,0,0
Gushchin 1982,80,0,0,0.0933272,0,0,0,solid,1.39528,0,0
Gushchin 1982,80,0,0,0.100853,0,0,0,solid,1.46438,0,0
Gushchin 1982,80,0,0,0.106911,0,0,0,solid,1.60569,0,0
Gushchin 1982,80,0,0,0.117219,0,0,0,solid,1.67696,0,0
Gushchin 1982,80,0,0,0.123068,0,0,0,solid,1.85679,0,0
Gushchin 1982,80,0,0,0.133629,0,0,0,solid,1.91121,0,0
Gushchin 1982,80,0,0,0.145137,0,0,0,solid,2.15744,0,0
Gushchin 1982,80,0,0,0.15836,0,0,0,solid,2.24232,0,0
Gushchin 1982,80,0,0,0.167066,0,0,0,solid,2.47071,0,0
Gushchin 1982,80,0,0,0.17965,0,0,0,solid,2.51861,0,0
Gushchin 1982,80,0,0,0.1895,0,0,0,solid,2.65641,0,0
Gushchin 1982,80,0,0,0.196074,0,0,0,solid,2.87082,0,0
Gushchin 1982,80,0,0,0.208845,0,0,0,solid,3.07225,0,0
Gushchin 1982,80,0,0,0.228998,0,0,0,solid,3.28751,0,0
Gushchin 1982,80,0,0,0.249873,0,0,0,solid,3.46701,0,0
Gushchin 1982,80,0,0,0.270038,0,0,0,solid,3.7101,0,0
Gushchin 1982,80,0,0,0.298966,0,0,0,solid,3.93155,0,0
Gushchin 1982,80,0,0,0.321529,0,0,0,solid,4.18689,0,0
Gushchin 1982,80,0,0,0.354206,0,0,0,solid,4.24706,0,0
Gushchin 1982,80,0,0,0.388422,0,0,0,solid,4.67905,0,0
Gushchin 1982,80,0,0,0.423746,0,0,0,solid,4.63253,0,0
Gushchin 1982,80,0,0,0.45138,0,0,0,solid,5.07947,0,0
Gushchin 1982,80,0,0,0.504484,0,0,0,solid,5.02858,0,0
Gushchin 1982,80,0,0,0.553091,0,0,0,solid,5.15072,0,0
Gushchin 1982,80,0,0,0.606426,0,0,0,solid,5.40555,0,0
Gushchin 1982,80,0,0,0.671369,0,0,0,solid,5.67281,0,0
Gushchin 1982,80,0,0,0.750481,0,0,0,solid,5.92425,0,0
Gushchin 1982,80,0,0,0.830788,0,0,0,solid,6.06796,0,0
Gushchin 1982,80,0,0,0.937728,0,0,0,solid,6.36759,0,0
Gushchin 1982,80,0,0,1.02312,0,0,0,solid,6.52235,0,0
Gushchin 1982,80,0,0,1.12178,0,0,0,solid,6.84504,0,0
Gushchin 1982,80,0,0,1.27231,0,0,0,solid,7.18292,0,0
Gushchin 1982,80,0,0,1.41538,0,0,0,solid,7.50141,0,0
Gushchin 1982,80,0,0,1.56681,0,0,0,solid,7.64614,0,0
Gushchin 1982,80,0,0,1.73455,0,0,0,solid,7.9466,0,0
Gushchin 1982,80,0,0,1.8835,0,0,0,solid,8.34,0,0
Gushchin 1982,80,0,0,2.07486,0,0,0,solid,8.37805,0,0
Gushchin 1982,80,0,0,2.25301,0,0,0,solid,8.7502,0,0
Gushchin 1982,80,0,0,2.5063,0,0,0,solid,9.0939,0,0
Gushchin 1982,80,0,0,2.65625,0,0,0,solid,9.27064,0,0
Gushchin 1982,80,0,0,2.98334,0,0,0,solid,9.35771,0,0
Gushchin 1982,80,0,0,3.1775,0,0,0,solid,9.86941,0,0
Gushchin 1982,80,0,0,3.41689,0,0,0,solid,10.1097,0,0
Gushchin 1982,80,0,0,3.72826,0,0,0,solid,10.5587,0,0
Gushchin 1982,80,0,0,4.12739,0,0,0,solid,10.9736,0,0
Gushchin 1982,80,0,0,4.45987,0,0,0,solid,11.2406,0,0
Gushchin 1982,80,0,0,4.93748,0,0,0,solid,11.7964,0,0
Gushchin 1982,80,0,0,5.46608,0,0,0,solid,12.2599,0,0
Gushchin 1982,80,0,0,6.0216,0,0,0,solid,12.4361,0,0
Gushchin 1982,80,0,0,6.79629,0,0,0,solid,12.799,0,0
Gushchin 1982,80,0,0,7.63352,0,0,0,solid,13.1089,0,0
Gushchin 1982,80,0,0,8.57467,0,0,0,solid,13.8234,0,0
Gushchin 1982,80,0,0,9.35475,0,0,0,solid,13.8196,0,0
Halpern 1967,85,0,0,0.020499,0,0,0,liquid,0.126579,0,0
Halpern 1967,85,0,0,0.0299994,0,0,0,liquid,0.181401,0,0
Halpern 1967,85,0,0,0.0415968,0,0,0,liquid,0.221203,0,0
Halpern 1967,85,0,0,0.0587031,0,0,0,liquid,0.311333,0,0
Halpern 1967,85,0,0,0.0891075,0,0,0,liquid,0.430529,0,0
Halpern 1967,85,0,0,0.103001,0,0,0,liquid,0.515305,0,0
Halpern 1967,85,0,0,0.106766,0,0,0,liquid,0.584248,0,0
Halpern 1967,85,0,0,0.216651,0,0,0,liquid,1.021,0,0
Halpern 1967,85,0,0,0.341201,0,0,0,liquid,1.26816,0,0
Halpern 1967,85,0,0,0.394543,0,0,0,liquid,1.38781,0,0
Halpern 1967,85,0,0,0.621094,0,0,0,liquid,1.91941,0,0
Halpern 1967,85,0,0,0.926641,0,0,0,liquid,2.10258,0,0